Username,Email,Password,firstname,Lastname,Days
16c2604,1692604@email.com,16477,162372ac,162372ac,35
26d2604,26d2604@email.com,16477,262372ac,262372ac,35
3712604,3712604@email.com,16477,362372ac,362372ac,35
4722604,4722604@email.com,16477,462372ac,462372ac,35
5732604,5732604@email.com,16477,562372ac,562372ac,35
6742604,6742604@email.com,16477,662372ac,662372ac,35
7752604,7752604@email.com,16477,762372ac,762372ac,35
8762604,8762604@email.com,16477,862372ac,862372ac,35
9772604,9772604@email.com,16477,962372ac,962372ac,35
10782604,10782604@email.com,16477,1062372a,1062372a,35
11792604,11792604@email.com,16477,1162372a,1162372a,35
127a2604,127a2604@email.com,16477,1262372a,1262372a,35
137b2604,137b2604@email.com,16477,1362372a,1362372a,35
147c2604,147c2604@email.com,16477,1462372a,1462372a,35
157e2604,157e2604@email.com,16477,1562372a,1562372a,35
167f2604,167f2604@email.com,16477,1662372a,1662372a,35
17802604,17802604@email.com,16477,1762372a,1762372a,35
18812604,18812604@email.com,16477,1862372a,1862372a,35
19822604,19822604@email.com,16477,1962372a,1962372a,35
20832604,20832604@email.com,16477,2062372a,2062372a,35
21852604,21842604@email.com,16477,2162372a,2162372a,35
22862604,22852604@email.com,16477,2262372a,2262372a,35
23872604,23862604@email.com,16477,2362372a,2362372a,35
24882604,24872604@email.com,16477,2462372a,2462372a,35
25882604,25882604@email.com,16477,2562372a,2562372a,35
26892604,26892604@email.com,16477,2662372a,2662372a,35
278b2604,278b2604@email.com,16477,2762372a,2762372a,35
288c2604,288c2604@email.com,16477,2862372a,2862372a,35
298d2604,298d2604@email.com,16477,2962372a,2962372a,35
308e2604,308e2604@email.com,16477,3062372a,3062372a,35
318f2604,318f2604@email.com,16477,3162372a,3162372a,35
32902604,32902604@email.com,16477,3262372a,3262372a,35
33912604,33912604@email.com,16477,3362372a,3362372a,35
34922604,34922604@email.com,16477,3462372a,3462372a,35
35932604,35932604@email.com,16477,3562372a,3562372a,35
36942604,36942604@email.com,16477,3662372a,3662372a,35
37952604,37952604@email.com,16477,3762372a,3762372a,35
38962604,38962604@email.com,16477,3862372a,3862372a,35
39982604,39982604@email.com,16477,3962372a,3962372a,35
40992604,40992604@email.com,16477,4062372a,4062372a,35
419a2604,419a2604@email.com,16477,4162372a,4162372a,35
429b2604,429b2604@email.com,16477,4262372a,4262372a,35
439c2604,439b2604@email.com,16477,4362372a,4362372a,35
449d2604,449c2604@email.com,16477,4462372a,4462372a,35
459e2604,459e2604@email.com,16477,4562372a,4562372a,35
469f2604,469f2604@email.com,16477,4662372a,4662372a,35
47a02604,47a02604@email.com,16477,4762372a,4762372a,35
48a12604,48a12604@email.com,16477,4862372a,4862372a,35
49a22604,49a22604@email.com,16477,4962372a,4962372a,35
50a32604,50a32604@email.com,16477,5062372a,5062372a,35
51a52604,51a42604@email.com,16477,5162372a,5162372a,35
52a62604,52a62604@email.com,16477,5262372a,5262372a,35
53a72604,53a72604@email.com,16477,5362372a,5362372a,35
54a82604,54a82604@email.com,16477,5462372a,5462372a,35
55a92604,55a92604@email.com,16477,5562372a,5562372a,35
56aa2604,56aa2604@email.com,16477,5662372a,5662372a,35
57ac2604,57ab2604@email.com,16477,5762372a,5762372a,35
58ad2604,58ac2604@email.com,16477,5862372a,5862372a,35
59ae2604,59ad2604@email.com,16477,5962372a,5962372a,35
60af2604,60ae2604@email.com,16477,6062372a,6062372a,35
61b02604,61af2604@email.com,16477,6162372a,6162372a,35
62b12604,62b02604@email.com,16477,6262372a,6262372a,35
63b22604,63b22604@email.com,16477,6362372a,6362372a,35
64b32604,64b32604@email.com,16477,6462372a,6462372a,35
65b42604,65b42604@email.com,16477,6562372a,6562372a,35
66b52604,66b52604@email.com,16477,6662372a,6662372a,35
67b62604,67b62604@email.com,16477,6762372a,6762372a,35
68b72604,68b72604@email.com,16477,6862372a,6862372a,35
69b92604,69b92604@email.com,16477,6962372a,6962372a,35
70ba2604,70b92604@email.com,16477,7062372a,7062372a,35
71bb2604,71ba2604@email.com,16477,7162372a,7162372a,35
72bc2604,72bb2604@email.com,16477,7262372a,7262372a,35
73bd2604,73bc2604@email.com,16477,7362372a,7362372a,35
74bd2604,74bd2604@email.com,16477,7462372a,7462372a,35
75bf2604,75bf2604@email.com,16477,7562372a,7562372a,35
76c02604,76c02604@email.com,16477,7662372a,7662372a,35
77c12604,77c12604@email.com,16477,7762372a,7762372a,35
78c22604,78c22604@email.com,16477,7862372a,7862372a,35
79c32604,79c32604@email.com,16477,7962372a,7962372a,35
80c42604,80c42604@email.com,16477,8062372a,8062372a,35
81c62604,81c52604@email.com,16477,8162372a,8162372a,35
82c72604,82c62604@email.com,16477,8262372a,8262372a,35
83c72604,83c72604@email.com,16477,8362372a,8362372a,35
84c82604,84c82604@email.com,16477,8462372a,8462372a,35
85c92604,85c92604@email.com,16477,8562372a,8562372a,35
86ca2604,86ca2604@email.com,16477,8662372a,8662372a,35
87cc2604,87cc2604@email.com,16477,8762372a,8762372a,35
88cd2604,88cd2604@email.com,16477,8862372a,8862372a,35
89ce2604,89ce2604@email.com,16477,8962372a,8962372a,35
90cf2604,90cf2604@email.com,16477,9062372a,9062372a,35
91d02604,91d02604@email.com,16477,9162372a,9162372a,35
92d12604,92d12604@email.com,16477,9262372a,9262372a,35
93d32604,93d22604@email.com,16477,9362372a,9362372a,35
94d42604,94d32604@email.com,16477,9462372a,9462372a,35
95d52604,95d42604@email.com,16477,9562372a,9562372a,35
96d62604,96d52604@email.com,16477,9662372a,9662372a,35
97d62604,97d62604@email.com,16477,9762372a,9762372a,35
98d72604,98d72604@email.com,16477,9862372a,9862372a,35
99d92604,99d92604@email.com,16477,9962372a,9962372a,35
100da2604,100da2604@email.com,16477,10062372,10062372,35
101db2604,101db2604@email.com,16477,10162372,10162372,35
102dc2604,102dc2604@email.com,16477,10262372,10262372,35
103dd2604,103dd2604@email.com,16477,10362372,10362372,35
104de2604,104de2604@email.com,16477,10462372,10462372,35
105e02604,105e02604@email.com,16477,10562372,10562372,35
106e12604,106e12604@email.com,16477,10662372,10662372,35
107e22604,107e12604@email.com,16477,10762372,10762372,35
108e32604,108e22604@email.com,16477,10862372,10862372,35
109e42604,109e32604@email.com,16477,10962372,10962372,35
110e52604,110e52604@email.com,16477,11062372,11062372,35
111e72604,111e72604@email.com,16477,11162372,11162372,35
112e82604,112e82604@email.com,16477,11262372,11262372,35
113e92604,113e92604@email.com,16477,11362372,11362372,35
114ea2604,114ea2604@email.com,16477,11462372,11462372,35
115eb2604,115eb2604@email.com,16477,11562372,11562372,35
116ec2604,116ec2604@email.com,16477,11662372,11662372,35
117ee2604,117ed2604@email.com,16477,11762372,11762372,35
118ef2604,118ee2604@email.com,16477,11862372,11862372,35
119f02604,119ef2604@email.com,16477,11962372,11962372,35
120f12604,120f02604@email.com,16477,12062372,12062372,35
121f22604,121f12604@email.com,16477,12162372,12162372,35
122f22604,122f22604@email.com,16477,12262372,12262372,35
123f42604,123f42604@email.com,16477,12362372,12362372,35
124f52604,124f52604@email.com,16477,12462372,12462372,35
125f62604,125f62604@email.com,16477,12562372,12562372,35
126f72604,126f72604@email.com,16477,12662372,12662372,35
127f82604,127f82604@email.com,16477,12762372,12762372,35
128f92604,128f92604@email.com,16477,12862372,12862372,35
129fb2604,129fa2604@email.com,16477,12962372,12962372,35
130fc2604,130fb2604@email.com,16477,13062372,13062372,35
131fd2604,131fc2604@email.com,16477,13162372,13162372,35
132fe2604,132fd2604@email.com,16477,13262372,13262372,35
133ff2604,133fe2604@email.com,16477,13362372,13362372,35
134ff2604,134ff2604@email.com,16477,13462372,13462372,35
135012604,135012604@email.com,16477,13562372,13562372,35
136022604,136022604@email.com,16477,13662372,13662372,35
137032604,137032604@email.com,16477,13762372,13762372,35
138042604,138042604@email.com,16477,13862372,13862372,35
139052604,139052604@email.com,16477,13962372,13962372,35
140062604,140062604@email.com,16477,14062372,14062372,35
141082604,141072604@email.com,16477,14162372,14162372,35
142092604,142082604@email.com,16477,14262372,14262372,35
1430a2604,143092604@email.com,16477,14362372,14362372,35
1440b2604,1440a2604@email.com,16477,14462372,14462372,35
1450b2604,1450b2604@email.com,16477,14562372,14562372,35
1460c2604,1460c2604@email.com,16477,14662372,14662372,35
1470e2604,1470e2604@email.com,16477,14762372,14762372,35
1480f2604,1480f2604@email.com,16477,14862372,14862372,35
149102604,149102604@email.com,16477,14962372,14962372,35
150112604,150112604@email.com,16477,15062372,15062372,35
151122604,151122604@email.com,16477,15162372,15162372,35
152132604,152132604@email.com,16477,15262372,15262372,35
153152604,153142604@email.com,16477,15362372,15362372,35
154152604,154152604@email.com,16477,15462372,15462372,35
155162604,155162604@email.com,16477,15562372,15562372,35
156172604,156172604@email.com,16477,15662372,15662372,35
157182604,157182604@email.com,16477,15762372,15762372,35
158192604,158192604@email.com,16477,15862372,15862372,35
1591b2604,1591b2604@email.com,16477,15962372,15962372,35
1601c2604,1601c2604@email.com,16477,16062372,16062372,35
1611d2604,1611d2604@email.com,16477,16162372,16162372,35
1621e2604,1621e2604@email.com,16477,16262372,16262372,35
1631f2604,1631f2604@email.com,16477,16362372,16362372,35
164202604,164202604@email.com,16477,16462372,16462372,35
165222604,165212604@email.com,16477,16562372,16562372,35
166232604,166232604@email.com,16477,16662372,16662372,35
167242604,167242604@email.com,16477,16762372,16762372,35
168252604,168252604@email.com,16477,16862372,16862372,35
169262604,169262604@email.com,16477,16962372,16962372,35
170272604,170272604@email.com,16477,17062372,17062372,35
171292604,171282604@email.com,16477,17162372,17162372,35
1722a2604,172292604@email.com,16477,17262372,17262372,35
1732b2604,1732a2604@email.com,16477,17362372,17362372,35
1742c2604,1742b2604@email.com,16477,17462372,17462372,35
1752c2604,1752c2604@email.com,16477,17562372,17562372,35
1762d2604,1762d2604@email.com,16477,17662372,17662372,35
1772f2604,1772f2604@email.com,16477,17762372,17762372,35
178302604,178302604@email.com,16477,17862372,17862372,35
179312604,179312604@email.com,16477,17962372,17962372,35
180322604,180322604@email.com,16477,18062372,18062372,35
181332604,181332604@email.com,16477,18162372,18162372,35
182342604,182342604@email.com,16477,18262372,18262372,35
183362604,183362604@email.com,16477,18362372,18362372,35
184372604,184372604@email.com,16477,18462372,18462372,35
185382604,185382604@email.com,16477,18562372,18562372,35
186392604,186392604@email.com,16477,18662372,18662372,35
1873a2604,187392604@email.com,16477,18762372,18762372,35
1883b2604,1883a2604@email.com,16477,18862372,18862372,35
1893c2604,1893c2604@email.com,16477,18962372,18962372,35
1903d2604,1903d2604@email.com,16477,19062372,19062372,35
1913e2604,1913e2604@email.com,16477,19162372,19162372,35
1923f2604,1923f2604@email.com,16477,19262372,19262372,35
193402604,193402604@email.com,16477,19362372,19362372,35
194412604,194412604@email.com,16477,19462372,19462372,35
195432604,195422604@email.com,16477,19562372,19562372,35
196442604,196432604@email.com,16477,19662372,19662372,35
197452604,197442604@email.com,16477,19762372,19762372,35
198462604,198452604@email.com,16477,19862372,19862372,35
199462604,199462604@email.com,16477,19962372,19962372,35
200472604,200472604@email.com,16477,20062372,20062372,35
